visita_id,producto_id,precio_unitario,precio_final
1,29,3618.74,3618.74
2,34,9838.69,9838.69
3,4,3116.05,3116.05
4,7,6460.9,6460.9
4,32,8378.39,8378.39
4,29,3618.74,3618.74
4,5,5682.36,5682.36
5,5,5682.36,5682.36
5,9,4109.61,4109.61
6,25,6786.07,6786.07
6,39,9170.24,9170.24
6,34,9838.69,9838.69
7,7,6460.9,6460.9
7,8,2434.69,2434.69
7,36,7312.24,7312.24
7,14,2994.19,2994.19
8,27,1731.86,1731.86
8,22,5490.7,5490.7
9,7,6460.9,6460.9
9,21,6029.1,6029.1
9,28,1741.79,1741.79
9,17,3102.2,3102.2
10,5,5682.36,5682.36
10,6,5383.5,5383.5
10,28,1741.79,1741.79
10,7,6460.9,6460.9
11,38,7711.12,7711.12
12,8,2434.69,2434.69
12,27,1731.86,1731.86
12,23,3701.25,3701.25
13,39,9170.24,9170.24
13,20,2032.49,2032.49
13,23,3701.25,3701.25
14,10,2148.99,2148.99
14,31,3517.82,3517.82
15,36,7312.24,7312.24
15,24,2777.4,2777.4
15,8,2434.69,2434.69
16,28,1741.79,1741.79
16,36,7312.24,7312.24
17,2,2125.05,2125.05
17,12,4526.78,4526.78
17,18,4946.33,4946.33
18,1,5197.13,5197.13
18,12,4526.78,4526.78
18,10,2148.99,2148.99
19,10,2148.99,2148.99
20,25,6786.07,6786.07
20,27,1731.86,1731.86
21,24,2777.4,2777.4
21,20,2032.49,2032.49
22,4,3116.05,3116.05
23,6,5383.5,5383.5
24,32,8378.39,8378.39
24,39,9170.24,9170.24
24,29,3618.74,3618.74
24,27,1731.86,1731.86
25,23,3701.25,3701.25
26,38,7711.12,7711.12
26,32,8378.39,8378.39
26,34,9838.69,9838.69
27,26,2341.49,2341.49
27,39,9170.24,9170.24
28,20,2032.49,2032.49
28,14,2994.19,2994.19
29,21,6029.1,6029.1
29,8,2434.69,2434.69
29,1,5197.13,5197.13
30,9,4109.61,4109.61
30,25,6786.07,6786.07
31,5,5682.36,5682.36
31,26,2341.49,2341.49
31,3,3375.15,3375.15
32,5,5682.36,5682.36
32,21,6029.1,6029.1
32,37,8976.43,8976.43
32,28,1741.79,1741.79
33,19,6047.15,6047.15
33,8,2434.69,2434.69
33,26,2341.49,2341.49
33,2,2125.05,2125.05
34,24,2777.4,2777.4
34,6,5383.5,5383.5
34,28,1741.79,1741.79
34,7,6460.9,6460.9
35,34,9838.69,9838.69
35,6,5383.5,5383.5
35,26,2341.49,2341.49
35,20,2032.49,2032.49
36,11,3093.19,3093.19
36,5,5682.36,5682.36
36,33,7217.37,7217.37
37,23,3701.25,3701.25
37,10,2148.99,2148.99
38,17,3102.2,3102.2
38,13,2132.68,2132.68
39,5,5682.36,5682.36
39,12,4526.78,4526.78
40,37,8976.43,8976.43
40,41,8227.43,8227.43
40,40,7464.11,7464.11
40,21,6029.1,6029.1
41,5,5682.36,5682.36
41,31,3517.82,3517.82
41,29,3618.74,3618.74
41,41,8227.43,8227.43
42,23,3701.25,3701.25
43,30,3009.32,3009.32
43,29,3618.74,3618.74
43,3,3375.15,3375.15
44,5,5682.36,5682.36
44,6,5383.5,5383.5
44,40,7464.11,7464.11
45,38,7711.12,7711.12
45,36,7312.24,7312.24
45,3,3375.15,3375.15
45,29,3618.74,3618.74
46,39,9170.24,9170.24
46,31,3517.82,3517.82
46,33,7217.37,7217.37
47,7,6460.9,6460.9
47,22,5490.7,5490.7
47,6,5383.5,5383.5
47,33,7217.37,7217.37
48,29,3618.74,3618.74
48,34,9838.69,9838.69
49,24,2777.4,2777.4
49,19,6047.15,6047.15
50,39,9170.24,9170.24
50,4,3116.05,3116.05
50,41,8227.43,8227.43
51,7,6460.9,6460.9
51,36,7312.24,7312.24
51,25,6786.07,6786.07
52,22,5490.7,5490.7
52,6,5383.5,5383.5
53,20,2032.49,2032.49
53,26,2341.49,2341.49
53,9,4109.61,4109.61
54,22,5490.7,5490.7
54,9,4109.61,4109.61
54,34,9838.69,9838.69
54,6,5383.5,5383.5
55,2,2125.05,2125.05
55,24,2777.4,2777.4
55,20,2032.49,2032.49
56,32,8378.39,8378.39
56,13,2132.68,2132.68
56,15,5249.42,5249.42
57,19,6047.15,6047.15
58,22,5490.7,5490.7
59,10,2148.99,2148.99
59,11,3093.19,3093.19
59,12,4526.78,4526.78
59,40,7464.11,7464.11
60,27,1731.86,1731.86
61,40,7464.11,7464.11
61,19,6047.15,6047.15
61,29,3618.74,3618.74
61,15,5249.42,5249.42
62,31,3517.82,3517.82
62,13,2132.68,2132.68
62,24,2777.4,2777.4
63,19,6047.15,6047.15
63,25,6786.07,6786.07
63,33,7217.37,7217.37
63,34,9838.69,9838.69
64,39,9170.24,9170.24
64,9,4109.61,4109.61
65,24,2777.4,2777.4
65,36,7312.24,7312.24
65,7,6460.9,6460.9
65,34,9838.69,9838.69
66,11,3093.19,3093.19
67,28,1741.79,1741.79
67,6,5383.5,5383.5
68,2,2125.05,2125.05
68,27,1731.86,1731.86
68,4,3116.05,3116.05
69,16,4724.71,4724.71
69,25,6786.07,6786.07
69,6,5383.5,5383.5
70,21,6029.1,6029.1
71,9,4109.61,4109.61
71,3,3375.15,3375.15
72,31,3517.82,3517.82
72,29,3618.74,3618.74
73,17,3102.2,3102.2
74,8,2434.69,2434.69
74,19,6047.15,6047.15
74,16,4724.71,4724.71
74,20,2032.49,2032.49
75,27,1731.86,1731.86
75,41,8227.43,8227.43
76,32,8378.39,8378.39
77,10,2148.99,2148.99
77,19,6047.15,6047.15
78,16,4724.71,4724.71
78,37,8976.43,8976.43
78,27,1731.86,1731.86
79,5,5682.36,5682.36
79,34,9838.69,9838.69
79,35,6271.21,6271.21
80,25,6786.07,6786.07
81,24,2777.4,2777.4
81,17,3102.2,3102.2
81,2,2125.05,2125.05
81,23,3701.25,3701.25
82,41,8227.43,8227.43
82,7,6460.9,6460.9
83,3,3375.15,3375.15
83,23,3701.25,3701.25
84,30,3009.32,3009.32
84,31,3517.82,3517.82
85,30,3009.32,3009.32
86,3,3375.15,3375.15
86,13,2132.68,2132.68
87,33,7217.37,7217.37
87,26,2341.49,2341.49
87,35,6271.21,6271.21
88,13,2132.68,2132.68
89,22,5490.7,5490.7
90,28,1741.79,1741.79
90,26,2341.49,2341.49
90,29,3618.74,3618.74
91,32,8378.39,8378.39
91,24,2777.4,2777.4
92,28,1741.79,1741.79
93,35,6271.21,6271.21
93,19,6047.15,6047.15
94,21,6029.1,6029.1
95,39,9170.24,9170.24
95,28,1741.79,1741.79
95,11,3093.19,3093.19
95,29,3618.74,3618.74
96,23,3701.25,3701.25
97,5,5682.36,5682.36
98,2,2125.05,2125.05
98,10,2148.99,2148.99
99,5,5682.36,5682.36
99,16,4724.71,4724.71
100,37,8976.43,8976.43
100,3,3375.15,3375.15
100,39,9170.24,9170.24
100,10,2148.99,2148.99
101,29,3618.74,3618.74
101,5,5682.36,5682.36
101,37,8976.43,8976.43
102,26,2341.49,2341.49
102,21,6029.1,6029.1
102,18,4946.33,4946.33
103,12,4526.78,4526.78
104,36,7312.24,7312.24
104,8,2434.69,2434.69
104,17,3102.2,3102.2
104,29,3618.74,3618.74
105,32,8378.39,8378.39
105,13,2132.68,2132.68
105,8,2434.69,2434.69
106,12,4526.78,4526.78
106,29,3618.74,3618.74
106,6,5383.5,5383.5
106,21,6029.1,6029.1
107,20,2032.49,2032.49
107,11,3093.19,3093.19
107,41,8227.43,8227.43
108,8,2434.69,2434.69
108,13,2132.68,2132.68
109,2,2125.05,2125.05
109,24,2777.4,2777.4
109,36,7312.24,7312.24
109,37,8976.43,8976.43
110,40,7464.11,7464.11
110,6,5383.5,5383.5
111,31,3517.82,3517.82
111,34,9838.69,9838.69
111,27,1731.86,1731.86
111,37,8976.43,8976.43
112,5,5682.36,5682.36
112,29,3618.74,3618.74
112,30,3009.32,3009.32
113,36,7312.24,7312.24
113,41,8227.43,8227.43
114,33,7217.37,7217.37
114,4,3116.05,3116.05
114,8,2434.69,2434.69
114,34,9838.69,9838.69
115,11,3093.19,3093.19
115,21,6029.1,6029.1
116,6,5383.5,5383.5
116,17,3102.2,3102.2
116,13,2132.68,2132.68
117,41,8227.43,8227.43
117,20,2032.49,2032.49
118,38,7711.12,7711.12
118,10,2148.99,2148.99
119,37,8976.43,8976.43
119,3,3375.15,3375.15
119,2,2125.05,2125.05
120,14,2994.19,2994.19
120,37,8976.43,8976.43
120,27,1731.86,1731.86
121,20,2032.49,2032.49
121,31,3517.82,3517.82
121,16,4724.71,4724.71
122,5,5682.36,5682.36
122,4,3116.05,3116.05
122,11,3093.19,3093.19
122,29,3618.74,3618.74
123,14,2994.19,2994.19
123,22,5490.7,5490.7
123,39,9170.24,9170.24
123,10,2148.99,2148.99
124,26,2341.49,2341.49
124,9,4109.61,4109.61
124,24,2777.4,2777.4
125,21,6029.1,6029.1
126,18,4946.33,4946.33
127,7,6460.9,6460.9
127,4,3116.05,3116.05
128,16,4724.71,4724.71
128,11,3093.19,3093.19
128,21,6029.1,6029.1
128,37,8976.43,8976.43
129,32,8378.39,8378.39
129,33,7217.37,7217.37
130,32,8378.39,8378.39
130,2,2125.05,2125.05
130,6,5383.5,5383.5
131,16,4724.71,4724.71
131,14,2994.19,2994.19
131,38,7711.12,7711.12
131,23,3701.25,3701.25
132,32,8378.39,8378.39
132,39,9170.24,9170.24
132,31,3517.82,3517.82
133,7,6460.9,6460.9
134,24,2777.4,2777.4
134,26,2341.49,2341.49
134,3,3375.15,3375.15
135,24,2777.4,2777.4
135,36,7312.24,7312.24
136,33,7217.37,7217.37
136,29,3618.74,3618.74
136,36,7312.24,7312.24
136,18,4946.33,4946.33
137,26,2341.49,2341.49
138,10,2148.99,2148.99
138,13,2132.68,2132.68
138,39,9170.24,9170.24
139,3,3375.15,3375.15
140,31,3517.82,3517.82
140,34,9838.69,9838.69
140,30,3009.32,3009.32
141,21,6029.1,6029.1
141,40,7464.11,7464.11
142,40,7464.11,7464.11
142,20,2032.49,2032.49
142,38,7711.12,7711.12
142,22,5490.7,5490.7
143,37,8976.43,8976.43
143,20,2032.49,2032.49
143,31,3517.82,3517.82
143,2,2125.05,2125.05
144,27,1731.86,1731.86
145,39,9170.24,9170.24
146,4,3116.05,3116.05
146,38,7711.12,7711.12
147,10,2148.99,2148.99
147,16,4724.71,4724.71
147,3,3375.15,3375.15
147,37,8976.43,8976.43
148,29,3618.74,3618.74
149,27,1731.86,1731.86
149,14,2994.19,2994.19
150,4,3116.05,3116.05
150,9,4109.61,4109.61
150,34,9838.69,9838.69
150,14,2994.19,2994.19
151,34,9838.69,9838.69
151,25,6786.07,6786.07
151,21,6029.1,6029.1
151,12,4526.78,4526.78
152,35,6271.21,6271.21
152,23,3701.25,3701.25
152,17,3102.2,3102.2
153,18,4946.33,4946.33
153,36,7312.24,7312.24
154,19,6047.15,6047.15
154,14,2994.19,2994.19
154,32,8378.39,8378.39
155,36,7312.24,7312.24
155,18,4946.33,4946.33
155,19,6047.15,6047.15
156,26,2341.49,2341.49
156,23,3701.25,3701.25
156,10,2148.99,2148.99
156,19,6047.15,6047.15
157,23,3701.25,3701.25
158,14,2994.19,2994.19
158,13,2132.68,2132.68
158,35,6271.21,6271.21
158,18,4946.33,4946.33
159,7,6460.9,6460.9
159,40,7464.11,7464.11
160,34,9838.69,9838.69
161,7,6460.9,6460.9
162,7,6460.9,6460.9
162,9,4109.61,4109.61
162,1,5197.13,5197.13
162,36,7312.24,7312.24
163,31,3517.82,3517.82
163,13,2132.68,2132.68
163,19,6047.15,6047.15
163,21,6029.1,6029.1
164,37,8976.43,8976.43
165,12,4526.78,4526.78
166,26,2341.49,2341.49
167,3,3375.15,3375.15
167,1,5197.13,5197.13
167,20,2032.49,2032.49
168,22,5490.7,5490.7
169,9,4109.61,4109.61
169,33,7217.37,7217.37
169,30,3009.32,3009.32
169,18,4946.33,4946.33
170,11,3093.19,3093.19
170,30,3009.32,3009.32
170,17,3102.2,3102.2
171,19,6047.15,6047.15
171,37,8976.43,8976.43
171,13,2132.68,2132.68
172,28,1741.79,1741.79
172,33,7217.37,7217.37
172,21,6029.1,6029.1
172,6,5383.5,5383.5
173,9,4109.61,4109.61
173,31,3517.82,3517.82
174,17,3102.2,3102.2
175,18,4946.33,4946.33
175,22,5490.7,5490.7
175,20,2032.49,2032.49
175,38,7711.12,7711.12
176,24,2777.4,2777.4
176,16,4724.71,4724.71
176,4,3116.05,3116.05
177,11,3093.19,3093.19
177,26,2341.49,2341.49
177,33,7217.37,7217.37
178,24,2777.4,2777.4
178,40,7464.11,7464.11
178,15,5249.42,5249.42
179,10,2148.99,2148.99
179,30,3009.32,3009.32
179,39,9170.24,9170.24
179,24,2777.4,2777.4
180,35,6271.21,6271.21
180,14,2994.19,2994.19
180,16,4724.71,4724.71
180,39,9170.24,9170.24
181,34,9838.69,9838.69
181,24,2777.4,2777.4
181,5,5682.36,5682.36
181,37,8976.43,8976.43
182,37,8976.43,8976.43
182,35,6271.21,6271.21
183,34,9838.69,9838.69
183,29,3618.74,3618.74
183,8,2434.69,2434.69
184,6,5383.5,5383.5
184,33,7217.37,7217.37
184,29,3618.74,3618.74
184,4,3116.05,3116.05
185,30,3009.32,3009.32
185,37,8976.43,8976.43
185,4,3116.05,3116.05
185,36,7312.24,7312.24
186,26,2341.49,2341.49
187,38,7711.12,7711.12
187,5,5682.36,5682.36
188,5,5682.36,5682.36
188,35,6271.21,6271.21
188,4,3116.05,3116.05
189,19,6047.15,6047.15
190,27,1731.86,1731.86
190,24,2777.4,2777.4
191,25,6786.07,6786.07
191,6,5383.5,5383.5
191,35,6271.21,6271.21
191,9,4109.61,4109.61
192,35,6271.21,6271.21
192,26,2341.49,2341.49
193,1,5197.13,5197.13
193,2,2125.05,2125.05
194,35,6271.21,6271.21
194,25,6786.07,6786.07
194,15,5249.42,5249.42
194,16,4724.71,4724.71
195,18,4946.33,4946.33
195,13,2132.68,2132.68
196,40,7464.11,7464.11
196,2,2125.05,2125.05
196,16,4724.71,4724.71
196,14,2994.19,2994.19
197,29,3618.74,3618.74
198,26,2341.49,2341.49
199,4,3116.05,3116.05
199,9,4109.61,4109.61
200,37,8976.43,8976.43
200,21,6029.1,6029.1
201,16,4724.71,4724.71
201,20,2032.49,2032.49
201,10,2148.99,2148.99
202,20,2032.49,2032.49
202,18,4946.33,4946.33
202,4,3116.05,3116.05
202,36,7312.24,7312.24
203,4,3116.05,3116.05
203,23,3701.25,3701.25
203,25,6786.07,6786.07
203,34,9838.69,9838.69
204,10,2148.99,2148.99
204,20,2032.49,2032.49
204,25,6786.07,6786.07
204,12,4526.78,4526.78
205,15,5249.42,5249.42
205,20,2032.49,2032.49
206,36,7312.24,7312.24
207,25,6786.07,6786.07
207,16,4724.71,4724.71
208,6,5383.5,5383.5
208,29,3618.74,3618.74
208,24,2777.4,2777.4
209,4,3116.05,3116.05
209,18,4946.33,4946.33
210,5,5682.36,5682.36
211,31,3517.82,3517.82
211,14,2994.19,2994.19
212,14,2994.19,2994.19
213,16,4724.71,4724.71
213,39,9170.24,9170.24
213,14,2994.19,2994.19
213,26,2341.49,2341.49
214,19,6047.15,6047.15
214,25,6786.07,6786.07
214,30,3009.32,3009.32
215,17,3102.2,3102.2
215,24,2777.4,2777.4
215,33,7217.37,7217.37
216,31,3517.82,3517.82
217,21,6029.1,6029.1
217,27,1731.86,1731.86
217,3,3375.15,3375.15
218,2,2125.05,2125.05
218,17,3102.2,3102.2
219,19,6047.15,6047.15
219,10,2148.99,2148.99
219,13,2132.68,2132.68
219,22,5490.7,5490.7
220,32,8378.39,8378.39
220,36,7312.24,7312.24
221,32,8378.39,8378.39
221,30,3009.32,3009.32
221,11,3093.19,3093.19
221,23,3701.25,3701.25
222,12,4526.78,4526.78
222,35,6271.21,6271.21
222,4,3116.05,3116.05
222,34,9838.69,9838.69
223,1,5197.13,5197.13
224,5,5682.36,5682.36
224,10,2148.99,2148.99
225,24,2777.4,2777.4
225,4,3116.05,3116.05
225,40,7464.11,7464.11
225,41,8227.43,8227.43
226,1,5197.13,5197.13
227,1,5197.13,5197.13
227,2,2125.05,2125.05
227,34,9838.69,9838.69
227,18,4946.33,4946.33
228,33,7217.37,7217.37
229,7,6460.9,6460.9
230,13,2132.68,2132.68
230,40,7464.11,7464.11
231,18,4946.33,4946.33
231,26,2341.49,2341.49
231,6,5383.5,5383.5
232,37,8976.43,8976.43
232,16,4724.71,4724.71
232,15,5249.42,5249.42
232,20,2032.49,2032.49
233,26,2341.49,2341.49
234,4,3116.05,3116.05
234,41,8227.43,8227.43
234,1,5197.13,5197.13
234,11,3093.19,3093.19
235,22,5490.7,5490.7
235,37,8976.43,8976.43
235,7,6460.9,6460.9
235,34,9838.69,9838.69
236,37,8976.43,8976.43
236,31,3517.82,3517.82
237,18,4946.33,4946.33
238,12,4526.78,4526.78
239,38,7711.12,7711.12
239,10,2148.99,2148.99
240,11,3093.19,3093.19
240,37,8976.43,8976.43
240,16,4724.71,4724.71
241,25,6786.07,6786.07
241,9,4109.61,4109.61
241,6,5383.5,5383.5
242,7,6460.9,6460.9
243,22,5490.7,5490.7
244,41,8227.43,8227.43
245,15,5249.42,5249.42
245,23,3701.25,3701.25
245,36,7312.24,7312.24
245,25,6786.07,6786.07
246,6,5383.5,5383.5
246,40,7464.11,7464.11
246,19,6047.15,6047.15
246,16,4724.71,4724.71
247,10,2148.99,2148.99
247,25,6786.07,6786.07
247,41,8227.43,8227.43
248,24,2777.4,2777.4
248,7,6460.9,6460.9
248,6,5383.5,5383.5
249,24,2777.4,2777.4
249,18,4946.33,4946.33
249,7,6460.9,6460.9
249,9,4109.61,4109.61
250,29,3618.74,3618.74
250,36,7312.24,7312.24
250,33,7217.37,7217.37
250,27,1731.86,1731.86
251,23,3701.25,3701.25
252,25,6786.07,6786.07
252,1,5197.13,5197.13
252,19,6047.15,6047.15
253,36,7312.24,7312.24
254,25,6786.07,6786.07
254,11,3093.19,3093.19
255,18,4946.33,4946.33
255,32,8378.39,8378.39
255,10,2148.99,2148.99
256,18,4946.33,4946.33
256,27,1731.86,1731.86
256,20,2032.49,2032.49
256,31,3517.82,3517.82
257,16,4724.71,4724.71
257,41,8227.43,8227.43
257,32,8378.39,8378.39
258,9,4109.61,4109.61
259,22,5490.7,5490.7
259,40,7464.11,7464.11
259,25,6786.07,6786.07
259,29,3618.74,3618.74
260,20,2032.49,2032.49
260,21,6029.1,6029.1
261,12,4526.78,4526.78
261,26,2341.49,2341.49
261,21,6029.1,6029.1
262,21,6029.1,6029.1
262,25,6786.07,6786.07
263,8,2434.69,2434.69
263,37,8976.43,8976.43
263,13,2132.68,2132.68
264,30,3009.32,3009.32
265,5,5682.36,5682.36
265,27,1731.86,1731.86
265,32,8378.39,8378.39
266,17,3102.2,3102.2
266,10,2148.99,2148.99
267,29,3618.74,3618.74
268,35,6271.21,6271.21
268,33,7217.37,7217.37
268,27,1731.86,1731.86
268,3,3375.15,3375.15
269,7,6460.9,6460.9
270,40,7464.11,7464.11
270,3,3375.15,3375.15
271,28,1741.79,1741.79
271,7,6460.9,6460.9
271,1,5197.13,5197.13
272,33,7217.37,7217.37
272,34,9838.69,9838.69
273,29,3618.74,3618.74
273,24,2777.4,2777.4
274,23,3701.25,3701.25
274,2,2125.05,2125.05
275,27,1731.86,1731.86
275,6,5383.5,5383.5
275,8,2434.69,2434.69
276,22,5490.7,5490.7
276,30,3009.32,3009.32
276,14,2994.19,2994.19
277,31,3517.82,3517.82
277,7,6460.9,6460.9
277,29,3618.74,3618.74
278,20,2032.49,2032.49
279,22,5490.7,5490.7
280,34,9838.69,9838.69
280,12,4526.78,4526.78
281,36,7312.24,7312.24
281,28,1741.79,1741.79
281,30,3009.32,3009.32
282,12,4526.78,4526.78
282,41,8227.43,8227.43
283,40,7464.11,7464.11
284,25,6786.07,6786.07
284,1,5197.13,5197.13
284,14,2994.19,2994.19
284,18,4946.33,4946.33
285,35,6271.21,6271.21
286,13,2132.68,2132.68
286,30,3009.32,3009.32
286,8,2434.69,2434.69
287,39,9170.24,9170.24
287,25,6786.07,6786.07
287,40,7464.11,7464.11
288,23,3701.25,3701.25
289,20,2032.49,2032.49
289,40,7464.11,7464.11
290,8,2434.69,2434.69
290,16,4724.71,4724.71
290,20,2032.49,2032.49
291,10,2148.99,2148.99
291,33,7217.37,7217.37
291,25,6786.07,6786.07
292,37,8976.43,8976.43
292,25,6786.07,6786.07
293,41,8227.43,8227.43
293,35,6271.21,6271.21
293,12,4526.78,4526.78
293,36,7312.24,7312.24
294,9,4109.61,4109.61
294,12,4526.78,4526.78
294,21,6029.1,6029.1
295,23,3701.25,3701.25
296,13,2132.68,2132.68
296,25,6786.07,6786.07
297,27,1731.86,1731.86
297,32,8378.39,8378.39
297,29,3618.74,3618.74
297,11,3093.19,3093.19
298,15,5249.42,5249.42
299,15,5249.42,5249.42
299,35,6271.21,6271.21
299,19,6047.15,6047.15
300,36,7312.24,7312.24
300,33,7217.37,7217.37
300,8,2434.69,2434.69
300,37,8976.43,8976.43
301,35,6271.21,6271.21
301,3,3375.15,3375.15
301,29,3618.74,3618.74
302,7,6460.9,6460.9
302,16,4724.71,4724.71
302,20,2032.49,2032.49
302,3,3375.15,3375.15
303,6,5383.5,5383.5
303,29,3618.74,3618.74
303,8,2434.69,2434.69
304,40,7464.11,7464.11
304,41,8227.43,8227.43
304,28,1741.79,1741.79
305,14,2994.19,2994.19
305,4,3116.05,3116.05
306,39,9170.24,9170.24
306,35,6271.21,6271.21
306,11,3093.19,3093.19
307,37,8976.43,8976.43
307,18,4946.33,4946.33
307,33,7217.37,7217.37
308,4,3116.05,3116.05
308,18,4946.33,4946.33
308,9,4109.61,4109.61
308,16,4724.71,4724.71
309,26,2341.49,2341.49
309,32,8378.39,8378.39
310,41,8227.43,8227.43
310,27,1731.86,1731.86
310,25,6786.07,6786.07
311,26,2341.49,2341.49
312,30,3009.32,3009.32
312,32,8378.39,8378.39
312,21,6029.1,6029.1
313,30,3009.32,3009.32
314,14,2994.19,2994.19
314,28,1741.79,1741.79
314,32,8378.39,8378.39
314,18,4946.33,4946.33
315,36,7312.24,7312.24
315,37,8976.43,8976.43
315,9,4109.61,4109.61
316,4,3116.05,3116.05
316,3,3375.15,3375.15
316,7,6460.9,6460.9
317,11,3093.19,3093.19
318,28,1741.79,1741.79
319,11,3093.19,3093.19
319,18,4946.33,4946.33
319,6,5383.5,5383.5
320,24,2777.4,2777.4
321,41,8227.43,8227.43
321,20,2032.49,2032.49
321,15,5249.42,5249.42
321,28,1741.79,1741.79
322,14,2994.19,2994.19
323,38,7711.12,7711.12
323,15,5249.42,5249.42
324,1,5197.13,5197.13
325,9,4109.61,4109.61
325,31,3517.82,3517.82
325,5,5682.36,5682.36
325,15,5249.42,5249.42
326,7,6460.9,6460.9
327,9,4109.61,4109.61
327,25,6786.07,6786.07
327,10,2148.99,2148.99
328,40,7464.11,7464.11
329,14,2994.19,2994.19
329,41,8227.43,8227.43
329,10,2148.99,2148.99
330,14,2994.19,2994.19
330,6,5383.5,5383.5
330,7,6460.9,6460.9
330,9,4109.61,4109.61
331,23,3701.25,3701.25
331,28,1741.79,1741.79
331,21,6029.1,6029.1
331,9,4109.61,4109.61
332,16,4724.71,4724.71
333,2,2125.05,2125.05
333,20,2032.49,2032.49
333,14,2994.19,2994.19
334,26,2341.49,2341.49
334,19,6047.15,6047.15
335,25,6786.07,6786.07
335,8,2434.69,2434.69
335,16,4724.71,4724.71
335,32,8378.39,8378.39
336,24,2777.4,2777.4
337,37,8976.43,8976.43
337,27,1731.86,1731.86
337,24,2777.4,2777.4
337,35,6271.21,6271.21
338,2,2125.05,2125.05
339,14,2994.19,2994.19
339,3,3375.15,3375.15
339,4,3116.05,3116.05
340,41,8227.43,8227.43
340,33,7217.37,7217.37
340,27,1731.86,1731.86
341,41,8227.43,8227.43
342,18,4946.33,4946.33
342,6,5383.5,5383.5
343,10,2148.99,2148.99
343,35,6271.21,6271.21
344,20,2032.49,2032.49
345,16,4724.71,4724.71
346,30,3009.32,3009.32
347,8,2434.69,2434.69
347,1,5197.13,5197.13
348,32,8378.39,8378.39
348,23,3701.25,3701.25
349,11,3093.19,3093.19
349,24,2777.4,2777.4
349,9,4109.61,4109.61
350,22,5490.7,5490.7
351,17,3102.2,3102.2
352,30,3009.32,3009.32
352,33,7217.37,7217.37
352,24,2777.4,2777.4
352,4,3116.05,3116.05
353,24,2777.4,2777.4
353,11,3093.19,3093.19
354,15,5249.42,5249.42
355,1,5197.13,5197.13
356,24,2777.4,2777.4
356,25,6786.07,6786.07
356,10,2148.99,2148.99
356,12,4526.78,4526.78
357,15,5249.42,5249.42
357,21,6029.1,6029.1
357,16,4724.71,4724.71
357,27,1731.86,1731.86
358,37,8976.43,8976.43
359,12,4526.78,4526.78
360,26,2341.49,2341.49
361,20,2032.49,2032.49
361,21,6029.1,6029.1
361,6,5383.5,5383.5
362,24,2777.4,2777.4
363,40,7464.11,7464.11
363,16,4724.71,4724.71
363,30,3009.32,3009.32
364,13,2132.68,2132.68
364,35,6271.21,6271.21
364,16,4724.71,4724.71
364,10,2148.99,2148.99
365,15,5249.42,5249.42
366,22,5490.7,5490.7
367,7,6460.9,6460.9
367,14,2994.19,2994.19
367,34,9838.69,9838.69
368,4,3116.05,3116.05
368,10,2148.99,2148.99
368,18,4946.33,4946.33
368,6,5383.5,5383.5
369,24,2777.4,2777.4
369,30,3009.32,3009.32
369,6,5383.5,5383.5
369,38,7711.12,7711.12
370,41,8227.43,8227.43
370,26,2341.49,2341.49
371,28,1741.79,1741.79
372,17,3102.2,3102.2
372,21,6029.1,6029.1
372,26,2341.49,2341.49
373,18,4946.33,4946.33
373,15,5249.42,5249.42
373,5,5682.36,5682.36
373,13,2132.68,2132.68
374,10,2148.99,2148.99
375,30,3009.32,3009.32
375,21,6029.1,6029.1
375,27,1731.86,1731.86
375,8,2434.69,2434.69
376,29,3618.74,3618.74
376,20,2032.49,2032.49
377,6,5383.5,5383.5
378,14,2994.19,2994.19
379,16,4724.71,4724.71
380,20,2032.49,2032.49
381,26,2341.49,2341.49
382,7,6460.9,6460.9
382,30,3009.32,3009.32
383,1,5197.13,5197.13
384,13,2132.68,2132.68
384,26,2341.49,2341.49
385,5,5682.36,5682.36
385,2,2125.05,2125.05
385,13,2132.68,2132.68
386,22,5490.7,5490.7
387,4,3116.05,3116.05
387,11,3093.19,3093.19
387,37,8976.43,8976.43
387,28,1741.79,1741.79
388,25,6786.07,6786.07
389,14,2994.19,2994.19
389,12,4526.78,4526.78
389,18,4946.33,4946.33
390,3,3375.15,3375.15
390,40,7464.11,7464.11
391,27,1731.86,1731.86
391,36,7312.24,7312.24
391,31,3517.82,3517.82
391,4,3116.05,3116.05
392,9,4109.61,4109.61
392,27,1731.86,1731.86
392,13,2132.68,2132.68
392,34,9838.69,9838.69
393,25,6786.07,6786.07
394,23,3701.25,3701.25
394,37,8976.43,8976.43
394,33,7217.37,7217.37
394,21,6029.1,6029.1
395,2,2125.05,2125.05
395,21,6029.1,6029.1
396,4,3116.05,3116.05
396,31,3517.82,3517.82
396,34,9838.69,9838.69
397,11,3093.19,3093.19
397,7,6460.9,6460.9
398,35,6271.21,6271.21
398,4,3116.05,3116.05
398,15,5249.42,5249.42
399,12,4526.78,4526.78
399,16,4724.71,4724.71
399,38,7711.12,7711.12
400,23,3701.25,3701.25
401,37,8976.43,8976.43
401,13,2132.68,2132.68
402,12,4526.78,4526.78
402,32,8378.39,8378.39
402,3,3375.15,3375.15
403,39,9170.24,9170.24
403,15,5249.42,5249.42
404,1,5197.13,5197.13
404,22,5490.7,5490.7
404,40,7464.11,7464.11
404,13,2132.68,2132.68
405,21,6029.1,6029.1
405,4,3116.05,3116.05
406,8,2434.69,2434.69
406,34,9838.69,9838.69
407,26,2341.49,2341.49
407,38,7711.12,7711.12
407,7,6460.9,6460.9
408,9,4109.61,4109.61
408,11,3093.19,3093.19
408,28,1741.79,1741.79
409,36,7312.24,7312.24
409,40,7464.11,7464.11
410,25,6786.07,6786.07
410,20,2032.49,2032.49
411,1,5197.13,5197.13
411,37,8976.43,8976.43
412,12,4526.78,4526.78
413,41,8227.43,8227.43
413,37,8976.43,8976.43
414,22,5490.7,5490.7
414,5,5682.36,5682.36
415,11,3093.19,3093.19
415,41,8227.43,8227.43
415,6,5383.5,5383.5
416,17,3102.2,3102.2
417,23,3701.25,3701.25
418,4,3116.05,3116.05
419,11,3093.19,3093.19
419,27,1731.86,1731.86
419,32,8378.39,8378.39
419,25,6786.07,6786.07
420,7,6460.9,6460.9
420,31,3517.82,3517.82
420,37,8976.43,8976.43
420,15,5249.42,5249.42
421,3,3375.15,3375.15
422,17,3102.2,3102.2
422,7,6460.9,6460.9
422,5,5682.36,5682.36
423,11,3093.19,3093.19
423,5,5682.36,5682.36
423,36,7312.24,7312.24
423,6,5383.5,5383.5
424,2,2125.05,2125.05
424,28,1741.79,1741.79
424,11,3093.19,3093.19
424,39,9170.24,9170.24
425,7,6460.9,6460.9
426,27,1731.86,1731.86
426,36,7312.24,7312.24
427,20,2032.49,2032.49
427,16,4724.71,4724.71
427,7,6460.9,6460.9
428,10,2148.99,2148.99
428,4,3116.05,3116.05
428,24,2777.4,2777.4
428,1,5197.13,5197.13
429,41,8227.43,8227.43
429,39,9170.24,9170.24
429,31,3517.82,3517.82
430,14,2994.19,2994.19
431,31,3517.82,3517.82
432,31,3517.82,3517.82
432,32,8378.39,8378.39
432,17,3102.2,3102.2
432,6,5383.5,5383.5
433,24,2777.4,2777.4
433,25,6786.07,6786.07
434,3,3375.15,3375.15
434,17,3102.2,3102.2
434,29,3618.74,3618.74
434,30,3009.32,3009.32
435,37,8976.43,8976.43
435,4,3116.05,3116.05
435,10,2148.99,2148.99
436,35,6271.21,6271.21
436,27,1731.86,1731.86
436,38,7711.12,7711.12
437,25,6786.07,6786.07
438,37,8976.43,8976.43
438,16,4724.71,4724.71
438,31,3517.82,3517.82
438,20,2032.49,2032.49
439,33,7217.37,7217.37
440,8,2434.69,2434.69
440,29,3618.74,3618.74
441,13,2132.68,2132.68
441,9,4109.61,4109.61
442,28,1741.79,1741.79
443,21,6029.1,6029.1
443,5,5682.36,5682.36
443,6,5383.5,5383.5
444,36,7312.24,7312.24
444,21,6029.1,6029.1
444,18,4946.33,4946.33
444,34,9838.69,9838.69
445,8,2434.69,2434.69
445,27,1731.86,1731.86
445,10,2148.99,2148.99
445,37,8976.43,8976.43
446,37,8976.43,8976.43
447,27,1731.86,1731.86
447,17,3102.2,3102.2
447,25,6786.07,6786.07
448,3,3375.15,3375.15
448,12,4526.78,4526.78
448,18,4946.33,4946.33
448,26,2341.49,2341.49
449,3,3375.15,3375.15
449,26,2341.49,2341.49
449,22,5490.7,5490.7
449,16,4724.71,4724.71
450,24,2777.4,2777.4
450,2,2125.05,2125.05
450,22,5490.7,5490.7
451,32,8378.39,8378.39
451,7,6460.9,6460.9
451,15,5249.42,5249.42
452,21,6029.1,6029.1
452,18,4946.33,4946.33
452,27,1731.86,1731.86
452,39,9170.24,9170.24
453,14,2994.19,2994.19
453,27,1731.86,1731.86
453,32,8378.39,8378.39
453,34,9838.69,9838.69
454,5,5682.36,5682.36
454,20,2032.49,2032.49
455,34,9838.69,9838.69
455,37,8976.43,8976.43
456,13,2132.68,2132.68
456,4,3116.05,3116.05
457,4,3116.05,3116.05
457,24,2777.4,2777.4
457,13,2132.68,2132.68
457,18,4946.33,4946.33
458,41,8227.43,8227.43
458,8,2434.69,2434.69
458,2,2125.05,2125.05
458,16,4724.71,4724.71
459,12,4526.78,4526.78
459,31,3517.82,3517.82
459,38,7711.12,7711.12
459,36,7312.24,7312.24
460,17,3102.2,3102.2
460,6,5383.5,5383.5
461,4,3116.05,3116.05
461,11,3093.19,3093.19
461,37,8976.43,8976.43
461,14,2994.19,2994.19
462,18,4946.33,4946.33
462,27,1731.86,1731.86
463,31,3517.82,3517.82
464,15,5249.42,5249.42
465,18,4946.33,4946.33
465,28,1741.79,1741.79
465,25,6786.07,6786.07
466,14,2994.19,2994.19
466,30,3009.32,3009.32
466,20,2032.49,2032.49
467,38,7711.12,7711.12
467,7,6460.9,6460.9
467,1,5197.13,5197.13
467,33,7217.37,7217.37
468,20,2032.49,2032.49
468,7,6460.9,6460.9
468,31,3517.82,3517.82
469,41,8227.43,8227.43
469,21,6029.1,6029.1
469,18,4946.33,4946.33
470,10,2148.99,2148.99
470,34,9838.69,9838.69
471,21,6029.1,6029.1
471,9,4109.61,4109.61
471,2,2125.05,2125.05
471,32,8378.39,8378.39
472,26,2341.49,2341.49
472,25,6786.07,6786.07
472,3,3375.15,3375.15
472,38,7711.12,7711.12
473,15,5249.42,5249.42
473,35,6271.21,6271.21
473,41,8227.43,8227.43
474,11,3093.19,3093.19
474,36,7312.24,7312.24
474,12,4526.78,4526.78
475,9,4109.61,4109.61
475,17,3102.2,3102.2
475,36,7312.24,7312.24
475,12,4526.78,4526.78
476,23,3701.25,3701.25
476,15,5249.42,5249.42
477,24,2777.4,2777.4
477,17,3102.2,3102.2
477,38,7711.12,7711.12
478,31,3517.82,3517.82
479,31,3517.82,3517.82
480,25,6786.07,6786.07
481,4,3116.05,3116.05
481,10,2148.99,2148.99
481,9,4109.61,4109.61
481,13,2132.68,2132.68
482,10,2148.99,2148.99
482,21,6029.1,6029.1
482,12,4526.78,4526.78
482,6,5383.5,5383.5
483,21,6029.1,6029.1
483,41,8227.43,8227.43
484,18,4946.33,4946.33
484,14,2994.19,2994.19
484,11,3093.19,3093.19
484,37,8976.43,8976.43
485,9,4109.61,4109.61
486,28,1741.79,1741.79
486,31,3517.82,3517.82
486,25,6786.07,6786.07
486,1,5197.13,5197.13
487,24,2777.4,2777.4
487,1,5197.13,5197.13
488,2,2125.05,2125.05
488,1,5197.13,5197.13
489,20,2032.49,2032.49
489,9,4109.61,4109.61
489,7,6460.9,6460.9
490,11,3093.19,3093.19
490,5,5682.36,5682.36
490,3,3375.15,3375.15
491,34,9838.69,9838.69
491,39,9170.24,9170.24
491,22,5490.7,5490.7
491,28,1741.79,1741.79
492,23,3701.25,3701.25
492,13,2132.68,2132.68
492,11,3093.19,3093.19
492,26,2341.49,2341.49
493,9,4109.61,4109.61
493,14,2994.19,2994.19
494,8,2434.69,2434.69
494,24,2777.4,2777.4
495,35,6271.21,6271.21
495,40,7464.11,7464.11
495,4,3116.05,3116.05
496,4,3116.05,3116.05
497,25,6786.07,6786.07
497,8,2434.69,2434.69
497,36,7312.24,7312.24
497,17,3102.2,3102.2
498,41,8227.43,8227.43
498,1,5197.13,5197.13
499,34,9838.69,9838.69
500,27,1731.86,1731.86
500,7,6460.9,6460.9
501,19,6047.15,6047.15
502,13,2132.68,2132.68
502,39,9170.24,9170.24
502,17,3102.2,3102.2
502,34,9838.69,9838.69
503,19,6047.15,6047.15
503,11,3093.19,3093.19
503,3,3375.15,3375.15
503,36,7312.24,7312.24
504,22,5490.7,5490.7
504,16,4724.71,4724.71
504,1,5197.13,5197.13
504,6,5383.5,5383.5
505,10,2148.99,2148.99
505,6,5383.5,5383.5
505,33,7217.37,7217.37
505,5,5682.36,5682.36
506,30,3009.32,3009.32
506,19,6047.15,6047.15
507,7,6460.9,6460.9
508,24,2777.4,2777.4
508,21,6029.1,6029.1
508,28,1741.79,1741.79
509,1,5197.13,5197.13
510,23,3701.25,3701.25
510,29,3618.74,3618.74
510,40,7464.11,7464.11
511,22,5490.7,5490.7
511,12,4526.78,4526.78
511,8,2434.69,2434.69
512,18,4946.33,4946.33
512,25,6786.07,6786.07
512,31,3517.82,3517.82
512,27,1731.86,1731.86
513,4,3116.05,3116.05
513,11,3093.19,3093.19
514,37,8976.43,8976.43
514,29,3618.74,3618.74
514,12,4526.78,4526.78
514,40,7464.11,7464.11
515,9,4109.61,4109.61
516,27,1731.86,1731.86
517,17,3102.2,3102.2
518,22,5490.7,5490.7
518,34,9838.69,9838.69
519,28,1741.79,1741.79
520,25,6786.07,6786.07
520,10,2148.99,2148.99
520,36,7312.24,7312.24
521,33,7217.37,7217.37
521,31,3517.82,3517.82
522,32,8378.39,8378.39
523,18,4946.33,4946.33
523,4,3116.05,3116.05
523,33,7217.37,7217.37
524,26,2341.49,2341.49
524,16,4724.71,4724.71
524,6,5383.5,5383.5
524,30,3009.32,3009.32
525,6,5383.5,5383.5
525,32,8378.39,8378.39
525,29,3618.74,3618.74
525,21,6029.1,6029.1
526,7,6460.9,6460.9
527,36,7312.24,7312.24
528,39,9170.24,9170.24
529,30,3009.32,3009.32
529,22,5490.7,5490.7
530,30,3009.32,3009.32
530,22,5490.7,5490.7
531,24,2777.4,2777.4
531,29,3618.74,3618.74
531,8,2434.69,2434.69
531,7,6460.9,6460.9
532,23,3701.25,3701.25
532,41,8227.43,8227.43
532,19,6047.15,6047.15
533,7,6460.9,6460.9
533,3,3375.15,3375.15
533,11,3093.19,3093.19
534,7,6460.9,6460.9
534,17,3102.2,3102.2
534,40,7464.11,7464.11
534,13,2132.68,2132.68
535,14,2994.19,2994.19
535,30,3009.32,3009.32
535,13,2132.68,2132.68
535,22,5490.7,5490.7
536,41,8227.43,8227.43
537,38,7711.12,7711.12
537,33,7217.37,7217.37
537,9,4109.61,4109.61
537,32,8378.39,8378.39
538,36,7312.24,7312.24
539,33,7217.37,7217.37
539,12,4526.78,4526.78
539,38,7711.12,7711.12
539,9,4109.61,4109.61
540,33,7217.37,7217.37
540,25,6786.07,6786.07
540,27,1731.86,1731.86
541,22,5490.7,5490.7
541,19,6047.15,6047.15
541,29,3618.74,3618.74
541,9,4109.61,4109.61
542,36,7312.24,7312.24
542,21,6029.1,6029.1
542,41,8227.43,8227.43
543,40,7464.11,7464.11
543,19,6047.15,6047.15
544,33,7217.37,7217.37
544,35,6271.21,6271.21
545,36,7312.24,7312.24
545,31,3517.82,3517.82
545,38,7711.12,7711.12
546,28,1741.79,1741.79
546,1,5197.13,5197.13
546,34,9838.69,9838.69
547,10,2148.99,2148.99
547,4,3116.05,3116.05
547,13,2132.68,2132.68
547,18,4946.33,4946.33
548,10,2148.99,2148.99
548,4,3116.05,3116.05
548,19,6047.15,6047.15
549,23,3701.25,3701.25
550,36,7312.24,7312.24
550,25,6786.07,6786.07
551,4,3116.05,3116.05
551,25,6786.07,6786.07
551,27,1731.86,1731.86
552,1,5197.13,5197.13
553,15,5249.42,5249.42
553,41,8227.43,8227.43
553,24,2777.4,2777.4
553,38,7711.12,7711.12
554,13,2132.68,2132.68
554,19,6047.15,6047.15
555,12,4526.78,4526.78
556,25,6786.07,6786.07
557,36,7312.24,7312.24
557,17,3102.2,3102.2
557,9,4109.61,4109.61
558,1,5197.13,5197.13
558,22,5490.7,5490.7
558,30,3009.32,3009.32
559,21,6029.1,6029.1
559,39,9170.24,9170.24
560,32,8378.39,8378.39
560,37,8976.43,8976.43
560,36,7312.24,7312.24
561,34,9838.69,9838.69
561,15,5249.42,5249.42
561,12,4526.78,4526.78
562,27,1731.86,1731.86
562,35,6271.21,6271.21
563,23,3701.25,3701.25
564,22,5490.7,5490.7
564,24,2777.4,2777.4
564,19,6047.15,6047.15
565,36,7312.24,7312.24
565,1,5197.13,5197.13
565,8,2434.69,2434.69
565,23,3701.25,3701.25
566,3,3375.15,3375.15
566,21,6029.1,6029.1
567,17,3102.2,3102.2
567,35,6271.21,6271.21
567,19,6047.15,6047.15
567,2,2125.05,2125.05
568,32,8378.39,8378.39
568,3,3375.15,3375.15
568,19,6047.15,6047.15
568,13,2132.68,2132.68
569,7,6460.9,6460.9
570,41,8227.43,8227.43
571,28,1741.79,1741.79
571,7,6460.9,6460.9
572,5,5682.36,5682.36
572,10,2148.99,2148.99
572,2,2125.05,2125.05
572,30,3009.32,3009.32
573,5,5682.36,5682.36
574,36,7312.24,7312.24
574,5,5682.36,5682.36
574,37,8976.43,8976.43
575,25,6786.07,6786.07
575,29,3618.74,3618.74
575,41,8227.43,8227.43
575,26,2341.49,2341.49
576,25,6786.07,6786.07
577,40,7464.11,7464.11
578,5,5682.36,5682.36
579,19,6047.15,6047.15
580,19,6047.15,6047.15
581,2,2125.05,2125.05
581,31,3517.82,3517.82
581,11,3093.19,3093.19
581,35,6271.21,6271.21
582,35,6271.21,6271.21
582,19,6047.15,6047.15
582,41,8227.43,8227.43
582,10,2148.99,2148.99
583,36,7312.24,7312.24
584,3,3375.15,3375.15
585,35,6271.21,6271.21
585,36,7312.24,7312.24
585,6,5383.5,5383.5
585,20,2032.49,2032.49
586,27,1731.86,1731.86
586,33,7217.37,7217.37
587,15,5249.42,5249.42
587,40,7464.11,7464.11
588,12,4526.78,4526.78
589,36,7312.24,7312.24
589,5,5682.36,5682.36
589,19,6047.15,6047.15
589,17,3102.2,3102.2
590,22,5490.7,5490.7
590,23,3701.25,3701.25
590,9,4109.61,4109.61
590,16,4724.71,4724.71
591,13,2132.68,2132.68
592,22,5490.7,5490.7
592,40,7464.11,7464.11
592,20,2032.49,2032.49
592,38,7711.12,7711.12
593,21,6029.1,6029.1
593,28,1741.79,1741.79
593,11,3093.19,3093.19
594,15,5249.42,5249.42
594,28,1741.79,1741.79
595,22,5490.7,5490.7
595,31,3517.82,3517.82
596,20,2032.49,2032.49
596,32,8378.39,8378.39
596,36,7312.24,7312.24
597,18,4946.33,4946.33
598,17,3102.2,3102.2
598,41,8227.43,8227.43
599,33,7217.37,7217.37
600,38,7711.12,7711.12
600,14,2994.19,2994.19
600,3,3375.15,3375.15
600,36,7312.24,7312.24
601,10,2148.99,2148.99
601,24,2777.4,2777.4
601,26,2341.49,2341.49
601,15,5249.42,5249.42
602,33,7217.37,7217.37
602,6,5383.5,5383.5
602,26,2341.49,2341.49
602,24,2777.4,2777.4
603,40,7464.11,7464.11
603,11,3093.19,3093.19
604,11,3093.19,3093.19
604,12,4526.78,4526.78
604,37,8976.43,8976.43
604,10,2148.99,2148.99
605,15,5249.42,5249.42
606,17,3102.2,3102.2
607,14,2994.19,2994.19
608,31,3517.82,3517.82
608,30,3009.32,3009.32
608,3,3375.15,3375.15
608,21,6029.1,6029.1
609,17,3102.2,3102.2
609,38,7711.12,7711.12
609,35,6271.21,6271.21
610,25,6786.07,6786.07
610,24,2777.4,2777.4
610,38,7711.12,7711.12
610,5,5682.36,5682.36
611,15,5249.42,5249.42
611,34,9838.69,9838.69
611,26,2341.49,2341.49
611,23,3701.25,3701.25
612,39,9170.24,9170.24
612,1,5197.13,5197.13
612,33,7217.37,7217.37
612,9,4109.61,4109.61
613,5,5682.36,5682.36
613,33,7217.37,7217.37
614,12,4526.78,4526.78
614,11,3093.19,3093.19
615,15,5249.42,5249.42
616,31,3517.82,3517.82
617,38,7711.12,7711.12
617,11,3093.19,3093.19
618,3,3375.15,3375.15
618,9,4109.61,4109.61
619,9,4109.61,4109.61
619,41,8227.43,8227.43
620,4,3116.05,3116.05
620,11,3093.19,3093.19
621,39,9170.24,9170.24
621,37,8976.43,8976.43
621,41,8227.43,8227.43
621,2,2125.05,2125.05
622,29,3618.74,3618.74
622,39,9170.24,9170.24
623,15,5249.42,5249.42
623,27,1731.86,1731.86
624,40,7464.11,7464.11
624,33,7217.37,7217.37
625,30,3009.32,3009.32
625,39,9170.24,9170.24
625,38,7711.12,7711.12
626,25,6786.07,6786.07
626,9,4109.61,4109.61
626,7,6460.9,6460.9
626,2,2125.05,2125.05
627,10,2148.99,2148.99
627,39,9170.24,9170.24
627,7,6460.9,6460.9
627,12,4526.78,4526.78
628,35,6271.21,6271.21
629,31,3517.82,3517.82
630,28,1741.79,1741.79
631,3,3375.15,3375.15
631,34,9838.69,9838.69
631,28,1741.79,1741.79
632,23,3701.25,3701.25
632,38,7711.12,7711.12
632,37,8976.43,8976.43
632,7,6460.9,6460.9
633,31,3517.82,3517.82
633,15,5249.42,5249.42
633,6,5383.5,5383.5
634,17,3102.2,3102.2
634,13,2132.68,2132.68
634,1,5197.13,5197.13
634,37,8976.43,8976.43
635,25,6786.07,6786.07
636,24,2777.4,2777.4
636,7,6460.9,6460.9
636,10,2148.99,2148.99
636,28,1741.79,1741.79
637,35,6271.21,6271.21
637,28,1741.79,1741.79
637,37,8976.43,8976.43
638,26,2341.49,2341.49
638,14,2994.19,2994.19
638,27,1731.86,1731.86
639,12,4526.78,4526.78
639,24,2777.4,2777.4
639,36,7312.24,7312.24
639,31,3517.82,3517.82
640,26,2341.49,2341.49
640,9,4109.61,4109.61
640,8,2434.69,2434.69
641,7,6460.9,6460.9
641,14,2994.19,2994.19
642,36,7312.24,7312.24
642,40,7464.11,7464.11
642,4,3116.05,3116.05
643,6,5383.5,5383.5
644,6,5383.5,5383.5
644,5,5682.36,5682.36
644,17,3102.2,3102.2
644,15,5249.42,5249.42
645,25,6786.07,6786.07
646,39,9170.24,9170.24
646,4,3116.05,3116.05
646,12,4526.78,4526.78
647,13,2132.68,2132.68
648,3,3375.15,3375.15
648,39,9170.24,9170.24
649,40,7464.11,7464.11
649,11,3093.19,3093.19
650,1,5197.13,5197.13
650,11,3093.19,3093.19
651,23,3701.25,3701.25
651,26,2341.49,2341.49
651,38,7711.12,7711.12
651,13,2132.68,2132.68
652,6,5383.5,5383.5
653,23,3701.25,3701.25
653,18,4946.33,4946.33
653,15,5249.42,5249.42
654,37,8976.43,8976.43
654,1,5197.13,5197.13
654,17,3102.2,3102.2
654,12,4526.78,4526.78
655,36,7312.24,7312.24
656,22,5490.7,5490.7
656,8,2434.69,2434.69
656,33,7217.37,7217.37
657,29,3618.74,3618.74
657,25,6786.07,6786.07
657,37,8976.43,8976.43
658,30,3009.32,3009.32
658,38,7711.12,7711.12
658,2,2125.05,2125.05
659,5,5682.36,5682.36
659,25,6786.07,6786.07
659,41,8227.43,8227.43
660,27,1731.86,1731.86
660,23,3701.25,3701.25
660,34,9838.69,9838.69
661,16,4724.71,4724.71
661,19,6047.15,6047.15
661,6,5383.5,5383.5
662,36,7312.24,7312.24
663,23,3701.25,3701.25
663,14,2994.19,2994.19
663,37,8976.43,8976.43
664,32,8378.39,8378.39
664,13,2132.68,2132.68
665,14,2994.19,2994.19
665,15,5249.42,5249.42
665,13,2132.68,2132.68
666,10,2148.99,2148.99
666,7,6460.9,6460.9
666,8,2434.69,2434.69
667,35,6271.21,6271.21
668,40,7464.11,7464.11
668,21,6029.1,6029.1
668,32,8378.39,8378.39
669,12,4526.78,4526.78
669,33,7217.37,7217.37
669,18,4946.33,4946.33
669,26,2341.49,2341.49
670,4,3116.05,3116.05
670,34,9838.69,9838.69
671,33,7217.37,7217.37
672,30,3009.32,3009.32
672,8,2434.69,2434.69
673,1,5197.13,5197.13
673,14,2994.19,2994.19
673,25,6786.07,6786.07
674,24,2777.4,2777.4
674,40,7464.11,7464.11
674,17,3102.2,3102.2
675,16,4724.71,4724.71
675,18,4946.33,4946.33
675,31,3517.82,3517.82
676,32,8378.39,8378.39
676,28,1741.79,1741.79
677,24,2777.4,2777.4
677,26,2341.49,2341.49
677,18,4946.33,4946.33
678,37,8976.43,8976.43
678,15,5249.42,5249.42
679,36,7312.24,7312.24
679,28,1741.79,1741.79
680,10,2148.99,2148.99
680,31,3517.82,3517.82
681,32,8378.39,8378.39
681,9,4109.61,4109.61
681,41,8227.43,8227.43
681,34,9838.69,9838.69
682,20,2032.49,2032.49
682,17,3102.2,3102.2
682,36,7312.24,7312.24
682,37,8976.43,8976.43
683,11,3093.19,3093.19
684,31,3517.82,3517.82
684,41,8227.43,8227.43
684,7,6460.9,6460.9
685,24,2777.4,2777.4
685,36,7312.24,7312.24
685,17,3102.2,3102.2
686,8,2434.69,2434.69
686,23,3701.25,3701.25
686,39,9170.24,9170.24
686,13,2132.68,2132.68
687,19,6047.15,6047.15
687,23,3701.25,3701.25
688,29,3618.74,3618.74
688,6,5383.5,5383.5
688,25,6786.07,6786.07
688,40,7464.11,7464.11
689,11,3093.19,3093.19
689,41,8227.43,8227.43
690,5,5682.36,5682.36
690,6,5383.5,5383.5
690,11,3093.19,3093.19
690,22,5490.7,5490.7
691,19,6047.15,6047.15
691,18,4946.33,4946.33
691,39,9170.24,9170.24
692,24,2777.4,2777.4
692,38,7711.12,7711.12
692,34,9838.69,9838.69
692,29,3618.74,3618.74
693,2,2125.05,2125.05
693,9,4109.61,4109.61
694,14,2994.19,2994.19
695,7,6460.9,6460.9
696,2,2125.05,2125.05
697,7,6460.9,6460.9
698,6,5383.5,5383.5
698,25,6786.07,6786.07
699,19,6047.15,6047.15
699,29,3618.74,3618.74
700,2,2125.05,2125.05
700,3,3375.15,3375.15
701,30,3009.32,3009.32
701,35,6271.21,6271.21
701,18,4946.33,4946.33
701,36,7312.24,7312.24
702,38,7711.12,7711.12
702,39,9170.24,9170.24
703,34,9838.69,9838.69
703,41,8227.43,8227.43
703,35,6271.21,6271.21
703,20,2032.49,2032.49
704,6,5383.5,5383.5
704,29,3618.74,3618.74
705,17,3102.2,3102.2
705,10,2148.99,2148.99
705,20,2032.49,2032.49
705,1,5197.13,5197.13
706,23,3701.25,3701.25
706,19,6047.15,6047.15
707,32,8378.39,8378.39
708,28,1741.79,1741.79
709,1,5197.13,5197.13
709,36,7312.24,7312.24
710,36,7312.24,7312.24
710,28,1741.79,1741.79
710,26,2341.49,2341.49
710,16,4724.71,4724.71
711,15,5249.42,5249.42
711,17,3102.2,3102.2
711,6,5383.5,5383.5
711,28,1741.79,1741.79
712,19,6047.15,6047.15
712,35,6271.21,6271.21
712,18,4946.33,4946.33
713,12,4526.78,4526.78
714,41,8227.43,8227.43
715,18,4946.33,4946.33
715,40,7464.11,7464.11
715,32,8378.39,8378.39
715,13,2132.68,2132.68
716,4,3116.05,3116.05
716,35,6271.21,6271.21
717,19,6047.15,6047.15
718,1,5197.13,5197.13
718,15,5249.42,5249.42
718,6,5383.5,5383.5
718,10,2148.99,2148.99
719,22,5490.7,5490.7
719,27,1731.86,1731.86
720,30,3009.32,3009.32
720,3,3375.15,3375.15
720,22,5490.7,5490.7
721,18,4946.33,4946.33
722,12,4526.78,4526.78
722,13,2132.68,2132.68
722,17,3102.2,3102.2
722,25,6786.07,6786.07
723,25,6786.07,6786.07
723,29,3618.74,3618.74
724,30,3009.32,3009.32
724,7,6460.9,6460.9
725,25,6786.07,6786.07
725,20,2032.49,2032.49
725,21,6029.1,6029.1
725,11,3093.19,3093.19
726,17,3102.2,3102.2
727,24,2777.4,2777.4
727,4,3116.05,3116.05
728,41,8227.43,8227.43
728,28,1741.79,1741.79
729,18,4946.33,4946.33
729,38,7711.12,7711.12
730,1,5197.13,5197.13
730,3,3375.15,3375.15
731,24,2777.4,2777.4
731,6,5383.5,5383.5
732,6,5383.5,5383.5
732,40,7464.11,7464.11
732,22,5490.7,5490.7
732,41,8227.43,8227.43
733,10,2148.99,2148.99
733,35,6271.21,6271.21
733,7,6460.9,6460.9
734,21,6029.1,6029.1
734,36,7312.24,7312.24
735,2,2125.05,2125.05
735,25,6786.07,6786.07
736,3,3375.15,3375.15
736,32,8378.39,8378.39
736,29,3618.74,3618.74
737,13,2132.68,2132.68
737,37,8976.43,8976.43
737,12,4526.78,4526.78
737,35,6271.21,6271.21
738,18,4946.33,4946.33
738,39,9170.24,9170.24
738,36,7312.24,7312.24
738,11,3093.19,3093.19
739,29,3618.74,3618.74
739,19,6047.15,6047.15
740,30,3009.32,3009.32
740,1,5197.13,5197.13
740,41,8227.43,8227.43
741,2,2125.05,2125.05
741,40,7464.11,7464.11
742,21,6029.1,6029.1
742,5,5682.36,5682.36
743,34,9838.69,9838.69
743,32,8378.39,8378.39
744,21,6029.1,6029.1
744,27,1731.86,1731.86
744,8,2434.69,2434.69
745,3,3375.15,3375.15
746,13,2132.68,2132.68
747,7,6460.9,6460.9
747,3,3375.15,3375.15
748,34,9838.69,9838.69
748,40,7464.11,7464.11
748,38,7711.12,7711.12
748,17,3102.2,3102.2
749,39,9170.24,9170.24
749,5,5682.36,5682.36
750,6,5383.5,5383.5
750,30,3009.32,3009.32
750,41,8227.43,8227.43
750,4,3116.05,3116.05
751,24,2777.4,2777.4
751,4,3116.05,3116.05
751,40,7464.11,7464.11
751,18,4946.33,4946.33
752,20,2032.49,2032.49
753,7,6460.9,6460.9
754,13,2132.68,2132.68
754,34,9838.69,9838.69
754,16,4724.71,4724.71
754,37,8976.43,8976.43
755,7,6460.9,6460.9
755,41,8227.43,8227.43
755,37,8976.43,8976.43
755,23,3701.25,3701.25
756,11,3093.19,3093.19
757,33,7217.37,7217.37
757,22,5490.7,5490.7
757,11,3093.19,3093.19
757,35,6271.21,6271.21
758,36,7312.24,7312.24
758,21,6029.1,6029.1
758,24,2777.4,2777.4
759,39,9170.24,9170.24
759,16,4724.71,4724.71
759,37,8976.43,8976.43
760,36,7312.24,7312.24
760,17,3102.2,3102.2
760,24,2777.4,2777.4
760,29,3618.74,3618.74
761,3,3375.15,3375.15
762,34,9838.69,9838.69
763,20,2032.49,2032.49
764,2,2125.05,2125.05
764,18,4946.33,4946.33
764,36,7312.24,7312.24
765,7,6460.9,6460.9
765,3,3375.15,3375.15
766,9,4109.61,4109.61
766,17,3102.2,3102.2
767,15,5249.42,5249.42
767,17,3102.2,3102.2
768,37,8976.43,8976.43
768,14,2994.19,2994.19
768,5,5682.36,5682.36
768,21,6029.1,6029.1
769,37,8976.43,8976.43
769,7,6460.9,6460.9
769,39,9170.24,9170.24
769,20,2032.49,2032.49
770,6,5383.5,5383.5
770,4,3116.05,3116.05
770,22,5490.7,5490.7
770,23,3701.25,3701.25
771,15,5249.42,5249.42
772,20,2032.49,2032.49
773,35,6271.21,6271.21
773,37,8976.43,8976.43
773,10,2148.99,2148.99
774,10,2148.99,2148.99
774,4,3116.05,3116.05
775,15,5249.42,5249.42
776,10,2148.99,2148.99
776,9,4109.61,4109.61
776,22,5490.7,5490.7
776,6,5383.5,5383.5
777,36,7312.24,7312.24
778,26,2341.49,2341.49
779,9,4109.61,4109.61
779,31,3517.82,3517.82
780,26,2341.49,2341.49
780,37,8976.43,8976.43
780,13,2132.68,2132.68
780,36,7312.24,7312.24
781,5,5682.36,5682.36
781,18,4946.33,4946.33
782,8,2434.69,2434.69
783,23,3701.25,3701.25
783,13,2132.68,2132.68
783,21,6029.1,6029.1
784,20,2032.49,2032.49
785,40,7464.11,7464.11
785,10,2148.99,2148.99
785,29,3618.74,3618.74
785,3,3375.15,3375.15
786,10,2148.99,2148.99
786,6,5383.5,5383.5
786,8,2434.69,2434.69
787,19,6047.15,6047.15
787,1,5197.13,5197.13
788,29,3618.74,3618.74
788,31,3517.82,3517.82
788,2,2125.05,2125.05
789,14,2994.19,2994.19
789,35,6271.21,6271.21
790,40,7464.11,7464.11
790,10,2148.99,2148.99
790,2,2125.05,2125.05
790,25,6786.07,6786.07
791,17,3102.2,3102.2
792,13,2132.68,2132.68
792,40,7464.11,7464.11
792,18,4946.33,4946.33
793,5,5682.36,5682.36
794,7,6460.9,6460.9
794,2,2125.05,2125.05
794,19,6047.15,6047.15
795,33,7217.37,7217.37
795,7,6460.9,6460.9
795,21,6029.1,6029.1
795,32,8378.39,8378.39
796,13,2132.68,2132.68
796,33,7217.37,7217.37
797,3,3375.15,3375.15
798,22,5490.7,5490.7
798,32,8378.39,8378.39
798,26,2341.49,2341.49
799,23,3701.25,3701.25
799,41,8227.43,8227.43
799,20,2032.49,2032.49
800,4,3116.05,3116.05
800,41,8227.43,8227.43
800,17,3102.2,3102.2
801,15,5249.42,5249.42
801,10,2148.99,2148.99
801,22,5490.7,5490.7
802,25,6786.07,6786.07
803,27,1731.86,1731.86
803,16,4724.71,4724.71
804,20,2032.49,2032.49
804,39,9170.24,9170.24
804,22,5490.7,5490.7
804,29,3618.74,3618.74
805,9,4109.61,4109.61
805,38,7711.12,7711.12
806,20,2032.49,2032.49
806,34,9838.69,9838.69
807,37,8976.43,8976.43
807,11,3093.19,3093.19
808,12,4526.78,4526.78
809,21,6029.1,6029.1
810,29,3618.74,3618.74
810,41,8227.43,8227.43
810,18,4946.33,4946.33
811,9,4109.61,4109.61
812,39,9170.24,9170.24
812,37,8976.43,8976.43
812,40,7464.11,7464.11
813,15,5249.42,5249.42
813,2,2125.05,2125.05
814,9,4109.61,4109.61
814,33,7217.37,7217.37
814,39,9170.24,9170.24
814,31,3517.82,3517.82
815,32,8378.39,8378.39
815,31,3517.82,3517.82
815,9,4109.61,4109.61
815,11,3093.19,3093.19
816,27,1731.86,1731.86
817,15,5249.42,5249.42
817,13,2132.68,2132.68
817,14,2994.19,2994.19
817,5,5682.36,5682.36
818,21,6029.1,6029.1
818,30,3009.32,3009.32
818,16,4724.71,4724.71
818,28,1741.79,1741.79
819,21,6029.1,6029.1
819,26,2341.49,2341.49
819,40,7464.11,7464.11
819,37,8976.43,8976.43
820,34,9838.69,9838.69
821,3,3375.15,3375.15
821,16,4724.71,4724.71
821,34,9838.69,9838.69
821,35,6271.21,6271.21
822,34,9838.69,9838.69
822,41,8227.43,8227.43
822,4,3116.05,3116.05
822,13,2132.68,2132.68
823,20,2032.49,2032.49
823,19,6047.15,6047.15
823,30,3009.32,3009.32
823,11,3093.19,3093.19
824,34,9838.69,9838.69
825,6,5383.5,5383.5
825,33,7217.37,7217.37
825,8,2434.69,2434.69
825,12,4526.78,4526.78
826,26,2341.49,2341.49
826,27,1731.86,1731.86
827,12,4526.78,4526.78
828,30,3009.32,3009.32
828,6,5383.5,5383.5
829,8,2434.69,2434.69
829,6,5383.5,5383.5
830,6,5383.5,5383.5
830,34,9838.69,9838.69
830,25,6786.07,6786.07
831,25,6786.07,6786.07
831,36,7312.24,7312.24
832,22,5490.7,5490.7
832,37,8976.43,8976.43
833,12,4526.78,4526.78
833,4,3116.05,3116.05
834,29,3618.74,3618.74
834,19,6047.15,6047.15
834,41,8227.43,8227.43
835,13,2132.68,2132.68
835,1,5197.13,5197.13
836,32,8378.39,8378.39
836,35,6271.21,6271.21
836,1,5197.13,5197.13
836,39,9170.24,9170.24
837,38,7711.12,7711.12
837,31,3517.82,3517.82
838,6,5383.5,5383.5
838,39,9170.24,9170.24
838,1,5197.13,5197.13
838,16,4724.71,4724.71
839,4,3116.05,3116.05
839,12,4526.78,4526.78
840,3,3375.15,3375.15
840,10,2148.99,2148.99
840,37,8976.43,8976.43
841,4,3116.05,3116.05
842,11,3093.19,3093.19
842,19,6047.15,6047.15
843,30,3009.32,3009.32
843,38,7711.12,7711.12
844,20,2032.49,2032.49
845,5,5682.36,5682.36
845,28,1741.79,1741.79
845,36,7312.24,7312.24
845,19,6047.15,6047.15
846,18,4946.33,4946.33
847,34,9838.69,9838.69
847,14,2994.19,2994.19
847,40,7464.11,7464.11
847,4,3116.05,3116.05
848,31,3517.82,3517.82
849,17,3102.2,3102.2
849,34,9838.69,9838.69
849,37,8976.43,8976.43
850,34,9838.69,9838.69
850,41,8227.43,8227.43
850,32,8378.39,8378.39
850,12,4526.78,4526.78
851,1,5197.13,5197.13
851,8,2434.69,2434.69
852,14,2994.19,2994.19
853,22,5490.7,5490.7
854,1,5197.13,5197.13
854,41,8227.43,8227.43
855,5,5682.36,5682.36
855,20,2032.49,2032.49
855,33,7217.37,7217.37
856,8,2434.69,2434.69
857,37,8976.43,8976.43
857,40,7464.11,7464.11
857,2,2125.05,2125.05
857,12,4526.78,4526.78
858,31,3517.82,3517.82
858,3,3375.15,3375.15
858,9,4109.61,4109.61
859,35,6271.21,6271.21
859,22,5490.7,5490.7
859,30,3009.32,3009.32
859,27,1731.86,1731.86
860,37,8976.43,8976.43
860,21,6029.1,6029.1
860,36,7312.24,7312.24
861,37,8976.43,8976.43
861,22,5490.7,5490.7
862,18,4946.33,4946.33
862,2,2125.05,2125.05
863,37,8976.43,8976.43
863,39,9170.24,9170.24
864,20,2032.49,2032.49
865,27,1731.86,1731.86
865,6,5383.5,5383.5
865,32,8378.39,8378.39
866,20,2032.49,2032.49
866,14,2994.19,2994.19
866,34,9838.69,9838.69
866,12,4526.78,4526.78
867,13,2132.68,2132.68
868,31,3517.82,3517.82
869,22,5490.7,5490.7
869,31,3517.82,3517.82
870,10,2148.99,2148.99
870,7,6460.9,6460.9
870,34,9838.69,9838.69
871,30,3009.32,3009.32
872,1,5197.13,5197.13
873,22,5490.7,5490.7
874,34,9838.69,9838.69
875,41,8227.43,8227.43
875,14,2994.19,2994.19
875,21,6029.1,6029.1
876,18,4946.33,4946.33
876,35,6271.21,6271.21
876,21,6029.1,6029.1
877,10,2148.99,2148.99
877,11,3093.19,3093.19
877,18,4946.33,4946.33
878,14,2994.19,2994.19
879,18,4946.33,4946.33
879,10,2148.99,2148.99
879,19,6047.15,6047.15
880,5,5682.36,5682.36
880,20,2032.49,2032.49
881,4,3116.05,3116.05
881,9,4109.61,4109.61
881,2,2125.05,2125.05
881,31,3517.82,3517.82
882,4,3116.05,3116.05
882,6,5383.5,5383.5
882,28,1741.79,1741.79
882,26,2341.49,2341.49
883,40,7464.11,7464.11
883,23,3701.25,3701.25
883,20,2032.49,2032.49
883,22,5490.7,5490.7
884,30,3009.32,3009.32
885,30,3009.32,3009.32
886,30,3009.32,3009.32
886,31,3517.82,3517.82
886,15,5249.42,5249.42
887,24,2777.4,2777.4
887,26,2341.49,2341.49
887,12,4526.78,4526.78
888,32,8378.39,8378.39
888,2,2125.05,2125.05
888,5,5682.36,5682.36
888,31,3517.82,3517.82
889,30,3009.32,3009.32
889,11,3093.19,3093.19
889,19,6047.15,6047.15
889,23,3701.25,3701.25
890,26,2341.49,2341.49
891,20,2032.49,2032.49
892,38,7711.12,7711.12
892,27,1731.86,1731.86
892,16,4724.71,4724.71
892,40,7464.11,7464.11
893,31,3517.82,3517.82
893,25,6786.07,6786.07
894,38,7711.12,7711.12
894,28,1741.79,1741.79
895,35,6271.21,6271.21
895,16,4724.71,4724.71
895,12,4526.78,4526.78
896,8,2434.69,2434.69
896,38,7711.12,7711.12
896,39,9170.24,9170.24
896,30,3009.32,3009.32
897,29,3618.74,3618.74
898,5,5682.36,5682.36
898,39,9170.24,9170.24
898,7,6460.9,6460.9
898,25,6786.07,6786.07
899,6,5383.5,5383.5
900,10,2148.99,2148.99
901,25,6786.07,6786.07
901,40,7464.11,7464.11
901,37,8976.43,8976.43
902,21,6029.1,6029.1
902,20,2032.49,2032.49
903,23,3701.25,3701.25
903,6,5383.5,5383.5
903,38,7711.12,7711.12
903,1,5197.13,5197.13
904,19,6047.15,6047.15
904,4,3116.05,3116.05
905,1,5197.13,5197.13
906,19,6047.15,6047.15
907,38,7711.12,7711.12
907,26,2341.49,2341.49
907,41,8227.43,8227.43
907,21,6029.1,6029.1
908,28,1741.79,1741.79
908,35,6271.21,6271.21
908,14,2994.19,2994.19
908,12,4526.78,4526.78
909,36,7312.24,7312.24
909,25,6786.07,6786.07
910,19,6047.15,6047.15
910,9,4109.61,4109.61
911,2,2125.05,2125.05
912,9,4109.61,4109.61
912,6,5383.5,5383.5
912,27,1731.86,1731.86
912,30,3009.32,3009.32
913,30,3009.32,3009.32
913,33,7217.37,7217.37
914,25,6786.07,6786.07
914,23,3701.25,3701.25
914,15,5249.42,5249.42
914,12,4526.78,4526.78
915,37,8976.43,8976.43
916,27,1731.86,1731.86
916,35,6271.21,6271.21
916,37,8976.43,8976.43
917,37,8976.43,8976.43
918,38,7711.12,7711.12
919,34,9838.69,9838.69
919,18,4946.33,4946.33
920,34,9838.69,9838.69
921,41,8227.43,8227.43
921,5,5682.36,5682.36
921,35,6271.21,6271.21
921,38,7711.12,7711.12
922,22,5490.7,5490.7
923,30,3009.32,3009.32
923,33,7217.37,7217.37
923,31,3517.82,3517.82
923,37,8976.43,8976.43
924,19,6047.15,6047.15
924,11,3093.19,3093.19
924,3,3375.15,3375.15
925,4,3116.05,3116.05
925,41,8227.43,8227.43
925,31,3517.82,3517.82
926,19,6047.15,6047.15
927,6,5383.5,5383.5
927,9,4109.61,4109.61
927,33,7217.37,7217.37
927,5,5682.36,5682.36
928,40,7464.11,7464.11
928,18,4946.33,4946.33
929,8,2434.69,2434.69
930,29,3618.74,3618.74
930,24,2777.4,2777.4
931,32,8378.39,8378.39
931,12,4526.78,4526.78
932,6,5383.5,5383.5
932,10,2148.99,2148.99
932,39,9170.24,9170.24
933,25,6786.07,6786.07
933,16,4724.71,4724.71
933,29,3618.74,3618.74
933,41,8227.43,8227.43
934,4,3116.05,3116.05
934,17,3102.2,3102.2
934,8,2434.69,2434.69
935,26,2341.49,2341.49
935,31,3517.82,3517.82
935,20,2032.49,2032.49
935,35,6271.21,6271.21
936,31,3517.82,3517.82
936,17,3102.2,3102.2
936,10,2148.99,2148.99
936,34,9838.69,9838.69
937,29,3618.74,3618.74
937,25,6786.07,6786.07
937,21,6029.1,6029.1
938,35,6271.21,6271.21
939,22,5490.7,5490.7
939,18,4946.33,4946.33
939,7,6460.9,6460.9
940,30,3009.32,3009.32
940,16,4724.71,4724.71
940,38,7711.12,7711.12
940,13,2132.68,2132.68
941,21,6029.1,6029.1
941,36,7312.24,7312.24
942,1,5197.13,5197.13
943,29,3618.74,3618.74
944,17,3102.2,3102.2
944,13,2132.68,2132.68
944,3,3375.15,3375.15
945,4,3116.05,3116.05
946,8,2434.69,2434.69
947,25,6786.07,6786.07
947,37,8976.43,8976.43
948,17,3102.2,3102.2
948,19,6047.15,6047.15
949,18,4946.33,4946.33
949,28,1741.79,1741.79
949,21,6029.1,6029.1
949,17,3102.2,3102.2
950,4,3116.05,3116.05
950,25,6786.07,6786.07
950,22,5490.7,5490.7
951,12,4526.78,4526.78
951,29,3618.74,3618.74
951,5,5682.36,5682.36
952,12,4526.78,4526.78
952,32,8378.39,8378.39
952,7,6460.9,6460.9
952,10,2148.99,2148.99
953,40,7464.11,7464.11
953,7,6460.9,6460.9
954,3,3375.15,3375.15
955,29,3618.74,3618.74
955,2,2125.05,2125.05
955,32,8378.39,8378.39
956,25,6786.07,6786.07
957,26,2341.49,2341.49
957,37,8976.43,8976.43
957,1,5197.13,5197.13
958,28,1741.79,1741.79
958,26,2341.49,2341.49
958,5,5682.36,5682.36
958,35,6271.21,6271.21
959,31,3517.82,3517.82
959,8,2434.69,2434.69
959,37,8976.43,8976.43
959,35,6271.21,6271.21
960,26,2341.49,2341.49
960,4,3116.05,3116.05
960,41,8227.43,8227.43
961,6,5383.5,5383.5
961,30,3009.32,3009.32
961,19,6047.15,6047.15
962,25,6786.07,6786.07
963,7,6460.9,6460.9
963,41,8227.43,8227.43
963,23,3701.25,3701.25
963,32,8378.39,8378.39
964,9,4109.61,4109.61
964,3,3375.15,3375.15
965,32,8378.39,8378.39
965,25,6786.07,6786.07
966,32,8378.39,8378.39
966,35,6271.21,6271.21
966,29,3618.74,3618.74
967,4,3116.05,3116.05
967,22,5490.7,5490.7
967,3,3375.15,3375.15
968,34,9838.69,9838.69
968,30,3009.32,3009.32
969,5,5682.36,5682.36
969,3,3375.15,3375.15
970,31,3517.82,3517.82
971,1,5197.13,5197.13
971,12,4526.78,4526.78
972,30,3009.32,3009.32
973,7,6460.9,6460.9
974,5,5682.36,5682.36
974,13,2132.68,2132.68
975,21,6029.1,6029.1
975,8,2434.69,2434.69
975,37,8976.43,8976.43
975,35,6271.21,6271.21
976,3,3375.15,3375.15
976,38,7711.12,7711.12
977,8,2434.69,2434.69
978,11,3093.19,3093.19
978,24,2777.4,2777.4
978,36,7312.24,7312.24
978,29,3618.74,3618.74
979,9,4109.61,4109.61
980,11,3093.19,3093.19
980,2,2125.05,2125.05
980,32,8378.39,8378.39
980,6,5383.5,5383.5
981,6,5383.5,5383.5
981,38,7711.12,7711.12
982,9,4109.61,4109.61
982,14,2994.19,2994.19
982,10,2148.99,2148.99
982,41,8227.43,8227.43
983,27,1731.86,1731.86
983,16,4724.71,4724.71
983,12,4526.78,4526.78
983,40,7464.11,7464.11
984,32,8378.39,8378.39
984,40,7464.11,7464.11
985,27,1731.86,1731.86
985,1,5197.13,5197.13
985,36,7312.24,7312.24
986,34,9838.69,9838.69
987,35,6271.21,6271.21
987,33,7217.37,7217.37
987,15,5249.42,5249.42
988,4,3116.05,3116.05
988,13,2132.68,2132.68
988,8,2434.69,2434.69
989,12,4526.78,4526.78
989,11,3093.19,3093.19
989,3,3375.15,3375.15
989,4,3116.05,3116.05
990,28,1741.79,1741.79
990,17,3102.2,3102.2
991,3,3375.15,3375.15
991,7,6460.9,6460.9
991,4,3116.05,3116.05
991,35,6271.21,6271.21
992,32,8378.39,8378.39
993,16,4724.71,4724.71
994,27,1731.86,1731.86
994,13,2132.68,2132.68
994,21,6029.1,6029.1
995,15,5249.42,5249.42
995,7,6460.9,6460.9
995,16,4724.71,4724.71
996,15,5249.42,5249.42
996,5,5682.36,5682.36
996,31,3517.82,3517.82
996,38,7711.12,7711.12
997,10,2148.99,2148.99
997,14,2994.19,2994.19
997,40,7464.11,7464.11
997,30,3009.32,3009.32
998,9,4109.61,4109.61
998,30,3009.32,3009.32
998,13,2132.68,2132.68
999,22,5490.7,5490.7
999,9,4109.61,4109.61
1000,18,4946.33,4946.33